{
  "baseline": {
    "n_days": 65,
    "C": [
      [
        1.0,
        0.2453579562748482,
        0.2736341286507299,
        -0.05334531779839609,
        0.15901532372442959,
        0.1153305617242001
      ],
      [
        0.2453579562748482,
        1.0,
        0.04946657513664138,
        -0.15124899026668592,
        0.08639805394998527,
        0.3829321570280147
      ],
      [
        0.2736341286507299,
        0.04946657513664138,
        1.0,
        0.0615796202857432,
        -0.04011733669633902,
        0.08607872359762928
      ],
      [
        -0.05334531779839609,
        -0.15124899026668592,
        0.0615796202857432,
        1.0,
        -0.013763687270877891,
        -0.042695810835104535
      ],
      [
        0.15901532372442959,
        0.08639805394998527,
        -0.04011733669633902,
        -0.013763687270877891,
        1.0,
        0.1047772420388593
      ],
      [
        0.1153305617242001,
        0.3829321570280147,
        0.08607872359762928,
        -0.042695810835104535,
        0.1047772420388593,
        1.0
      ]
    ],
    "significant": [
      [
        false,
        true,
        true,
        false,
        false,
        false
      ],
      [
        true,
        false,
        false,
        false,
        false,
        true
      ],
      [
        true,
        false,
        false,
        false,
        false,
        false
      ],
      [
        false,
        false,
        false,
        false,
        false,
        false
      ],
      [
        false,
        false,
        false,
        false,
        false,
        false
      ],
      [
        false,
        true,
        false,
        false,
        false,
        false
      ]
    ],
    "density": 0.2,
    "hub_centrality": {
      "A (Sleep)": 0.4,
      "B (Activity)": 0.4,
      "C (Recovery)": 0.2,
      "D (SpO2/Breath)": 0.0,
      "E (Cycle)": 0.0,
      "F (Tennis)": 0.2
    },
    "dominant_hub": "A (Sleep)",
    "n_significant_edges": 3
  },
  "luteal": {
    "n_days": 81,
    "C": [
      [
        1.0,
        -0.17116717467910475,
        0.03025461693394384,
        0.10643828287677348,
        -0.13843943001490955,
        -0.04753774460916013
      ],
      [
        -0.17116717467910475,
        1.0,
        -0.11835189765499927,
        -0.11055660343448985,
        0.13764789021030535,
        0.46796255431745376
      ],
      [
        0.03025461693394384,
        -0.11835189765499927,
        1.0,
        0.20212237002057892,
        -0.310398176548323,
        -0.11102460323012034
      ],
      [
        0.10643828287677348,
        -0.11055660343448985,
        0.20212237002057892,
        1.0,
        -0.03396087548238079,
        -0.1543685352293629
      ],
      [
        -0.13843943001490955,
        0.13764789021030535,
        -0.310398176548323,
        -0.03396087548238079,
        1.0,
        0.003544459333047543
      ],
      [
        -0.04753774460916013,
        0.46796255431745376,
        -0.11102460323012034,
        -0.1543685352293629,
        0.003544459333047543,
        1.0
      ]
    ],
    "significant": [
      [
        false,
        true,
        false,
        false,
        false,
        false
      ],
      [
        true,
        false,
        false,
        false,
        false,
        true
      ],
      [
        false,
        false,
        false,
        false,
        true,
        false
      ],
      [
        false,
        false,
        false,
        false,
        false,
        false
      ],
      [
        false,
        false,
        true,
        false,
        false,
        false
      ],
      [
        false,
        true,
        false,
        false,
        false,
        false
      ]
    ],
    "density": 0.2,
    "hub_centrality": {
      "A (Sleep)": 0.2,
      "B (Activity)": 0.4,
      "C (Recovery)": 0.2,
      "D (SpO2/Breath)": 0.0,
      "E (Cycle)": 0.2,
      "F (Tennis)": 0.2
    },
    "dominant_hub": "B (Activity)",
    "n_significant_edges": 3,
    "frobenius_divergence": 1.066
  },
  "post_tennis": {
    "n_days": 8,
    "C": [
      [
        1.0,
        0.15347011291080206,
        0.6584616445771866,
        0.04309423551021387,
        -0.2973216277280814,
        0.7782491027671014
      ],
      [
        0.15347011291080206,
        1.0,
        0.06698656467497818,
        0.6282495900352273,
        0.18071115449503425,
        0.32786174255207173
      ],
      [
        0.6584616445771866,
        0.06698656467497818,
        1.0,
        0.4403157094653562,
        -0.472809334319655,
        0.8480772108665393
      ],
      [
        0.04309423551021387,
        0.6282495900352273,
        0.4403157094653562,
        1.0,
        -0.1357743395213673,
        0.43711211160853225
      ],
      [
        -0.2973216277280814,
        0.18071115449503425,
        -0.472809334319655,
        -0.1357743395213673,
        1.0,
        -0.47385822509592346
      ],
      [
        0.7782491027671014,
        0.32786174255207173,
        0.8480772108665393,
        0.43711211160853225,
        -0.47385822509592346,
        1.0
      ]
    ],
    "significant": [
      [
        false,
        false,
        true,
        false,
        false,
        true
      ],
      [
        false,
        false,
        false,
        false,
        false,
        false
      ],
      [
        true,
        false,
        false,
        false,
        true,
        true
      ],
      [
        false,
        false,
        false,
        false,
        true,
        false
      ],
      [
        false,
        false,
        true,
        true,
        false,
        true
      ],
      [
        true,
        false,
        true,
        false,
        true,
        false
      ]
    ],
    "density": 0.4,
    "hub_centrality": {
      "A (Sleep)": 0.4,
      "B (Activity)": 0.0,
      "C (Recovery)": 0.6,
      "D (SpO2/Breath)": 0.2,
      "E (Cycle)": 0.6,
      "F (Tennis)": 0.6
    },
    "dominant_hub": "C (Recovery)",
    "n_significant_edges": 6,
    "frobenius_divergence": 2.419
  },
  "travel": {
    "n_days": 14,
    "C": [
      [
        1.0,
        -0.3524609715292468,
        -0.2565872361621892,
        0.2094681486226433,
        -0.08932930933721477,
        0.3315228428996842
      ],
      [
        -0.3524609715292468,
        1.0,
        -0.23731625311685353,
        -0.26389487518548,
        0.656616299561081,
        0.3241605925976107
      ],
      [
        -0.2565872361621892,
        -0.23731625311685353,
        1.0,
        0.19117023162097285,
        -0.26679153654681886,
        -0.4376280656379912
      ],
      [
        0.2094681486226433,
        -0.26389487518548,
        0.19117023162097285,
        1.0,
        -0.15360664052746967,
        0.130435347937392
      ],
      [
        -0.08932930933721477,
        0.656616299561081,
        -0.26679153654681886,
        -0.15360664052746967,
        1.0,
        0.5140030396522912
      ],
      [
        0.3315228428996842,
        0.3241605925976107,
        -0.4376280656379912,
        0.130435347937392,
        0.5140030396522912,
        1.0
      ]
    ],
    "significant": [
      [
        false,
        false,
        false,
        false,
        false,
        false
      ],
      [
        false,
        false,
        false,
        false,
        false,
        false
      ],
      [
        false,
        false,
        false,
        false,
        false,
        false
      ],
      [
        false,
        false,
        false,
        false,
        false,
        false
      ],
      [
        false,
        false,
        false,
        false,
        false,
        false
      ],
      [
        false,
        false,
        false,
        false,
        false,
        false
      ]
    ],
    "density": 0.0,
    "hub_centrality": {
      "A (Sleep)": 0.0,
      "B (Activity)": 0.0,